Timestamp,Angle in deg
0.0,0.0
0.004999999,0.0
0.009999999,0.0
0.014999999,0.0
0.019999999,0.0
0.025,0.0
0.029999999,0.0
0.035,0.0
0.039999999,0.0
0.045000001,0.0
0.05,0.0
0.054999999,0.0
0.059999998,0.0
0.064999997,0.0
0.07,0.0
0.075000002,0.0
0.079999998,0.0
0.085,0.0
0.090000003,0.0
0.094999998,0.0
0.100000001,0.0
0.104999996,0.0
0.109999999,0.0
0.115000002,0.0
0.119999997,0.0
0.125,0.0
0.129999995,0.0
0.135000005,0.0
0.14,0.0
0.144999995,0.0
0.150000005,0.0
0.155000001,0.0
0.159999996,0.0
0.165000006,0.0
0.170000001,0.0
0.174999997,0.0
0.180000007,0.0
0.185000002,0.0
0.189999997,0.0
0.194999992,0.0
0.200000002,0.0
0.204999998,0.0
0.209999993,0.0
0.215000003,0.0
0.219999998,0.0
0.224999994,0.0
0.230000004,0.0
0.234999999,0.0
0.239999994,0.0
0.245000004,0.0
0.25,0.0
0.254999995,0.0
0.25999999,0.0
0.264999985,0.0
0.27000001,0.0
0.275000005,0.0
0.280000001,0.0
0.284999996,0.0
0.289999991,0.0
0.294999986,0.0
0.300000011,0.0
0.305000007,0.0
0.310000002,0.0
0.314999997,0.0
0.319999992,0.0
0.324999988,0.0
0.330000013,0.0
0.335000008,0.0
0.340000003,0.0
0.344999998,0.0
0.349999994,0.0
0.354999989,0.0
0.360000014,0.0
0.365000009,0.0
0.370000004,0.0
0.375,0.0
0.379999995,0.0
0.38499999,0.0
0.389999985,0.0
0.39500001,0.0
0.400000005,0.0
0.405000001,0.0
0.409999996,0.0
0.414999991,0.0
0.419999986,0.0
0.425000011,0.0
0.430000007,0.0
0.435000002,0.0
0.439999997,0.0
0.444999992,0.0
0.449999988,0.0
0.455000013,0.0
0.460000008,0.0
0.465000003,0.0
0.469999998,0.0
0.474999994,0.0
0.479999989,0.0
0.485000014,0.0
0.490000009,0.0
0.495000004,0.0
0.5,0.0
0.504999995,0.0
0.50999999,0.0
0.514999985,0.0
0.51999998,0.0
0.524999976,0.0
0.529999971,0.0
0.535000026,0.0
0.540000021,0.0
0.545000016,0.0
0.550000011,0.0
0.555000007,0.0
0.560000002,0.0
0.564999997,0.0
0.569999992,0.0
0.574999988,0.0
0.579999983,0.0
0.584999978,0.0
0.589999973,0.0
0.595000028,0.0
0.600000023,0.0
0.605000019,0.0
0.610000014,0.0
0.615000009,0.0
0.620000004,0.0
0.625,0.0
0.629999995,0.0
0.63499999,0.0
0.639999985,0.0
0.64499998,0.0
0.649999976,0.0
0.654999971,0.0
0.660000026,0.0
0.665000021,0.0
0.670000016,0.0
0.675000011,0.0
0.680000007,0.0
0.685000002,0.0
0.689999997,0.0
0.694999992,0.0
0.699999988,0.0
0.704999983,0.0
0.709999978,0.0
0.714999973,0.0
0.720000028,0.0
0.725000023,0.0
0.730000019,0.0
0.735000014,0.0
0.740000009,0.0
0.745000004,0.0
0.75,1.9335958546716001
0.754999995,10.1953236859074
0.75999999,23.554713159561597
0.764999985,39.1992619643478
0.76999998,57.1289691262374
0.774999976,76.2891489714006
0.779999971,96.32823452833321
0.785000026,116.36731320976979
0.790000021,137.6368713926802
0.795000016,158.9064295755906
0.800000011,180.5275377131526
0.805000007,201.621314100537
0.810000002,223.7697813183732
0.814999997,245.21510766040922
0.819999992,266.8362431853636
0.824999988,288.8089149139776
0.829999983,310.9573684954134
0.834999978,333.1058494069458
0.839999973,355.2543029883816
0.845000028,377.93010201369117
0.850000023,400.6059010390008
0.855000019,422.75438195053323
0.860000014,445.6059627713688
0.865000009,467.40285276175257
0.870000004,489.0239608993146
0.875,512.051323572972
0.879999995,534.0240499617792
0.88499999,555.996721747689
0.889999985,578.4967389774727
0.89499998,600.2936289105605
0.899999976,622.2663006964704
0.904999971,644.2389724823803
0.910000026,666.3874806667134
0.915000021,688.5359343054449
0.920000016,710.8601696824068
0.925000011,734.0633141515901
0.930000007,756.387549528552
0.935000002,778.8875667583355
0.939999997,801.7391475791712
0.944999992,823.5360921724524
0.949999988,845.8603275494143
0.954999983,868.1845629836718
0.959999978,890.3330165651076
0.964999973,912.4814701465434
0.970000028,935.1572691718529
0.975000023,956.9542137651341
0.980000019,978.926885551044
0.985000014,1001.2511209280059
0.990000009,1023.7510834975961
0.995000004,1045.7238645465966
1.0,1063.1262092477598
1.004999995,1064.5324637265594
1.00999999,1056.9737912284945
1.014999985,1044.6691737161448
1.01999998,1028.4972470380621
1.024999976,1008.9855206186994
1.029999971,988.2432669131658
1.034999966,967.3252860150035
1.039999961,945.8799050127743
1.044999957,923.5556696358126
1.049999952,900.8799252134004
1.054999947,878.7314170290672
1.059999942,856.0556180037576
1.065000057,833.555600773974
1.070000052,811.2313653970122
1.075000047,788.7313481672286
1.080000042,765.3524219025192
1.085000038,742.6766228772096
1.090000033,720.5281146355807
1.095000028,696.7976247798192
1.100000023,673.4186985151098
1.105000019,650.0397722504005
1.110000014,626.660845985691
1.115000009,603.6334833120336
1.120000004,580.606120695672
1.125,557.4029762264886
1.129999995,534.727177201179
1.13499999,512.051323572972
1.139999985,490.07865178706226
1.14499998,467.0512891134048
1.149999976,444.902835531969
1.154999971,421.8754729156074
1.159999966,399.02386476467524
1.164999961,376.1722839438396
1.169999957,353.67226671405604
1.174999952,329.9417768009988
1.179999947,307.0901959801632
1.184999942,283.7112423853572
1.190000057,260.3323161206478
1.195000052,237.3049535042862
1.200000047,214.45335898975438
1.205000042,191.4259963733928
1.210000038,168.574401858861
1.215000033,145.3712573896776
1.220000028,123.2227901718414
1.225000023,100.1954206799838
1.230000019,77.168051245422
1.235000014,53.7891215429646
1.240000009,30.937533903928802
1.245000004,8.2617280031232
1.25,-14.589859578616801
1.254999995,-37.9687926615264
1.25999999,-60.64459512458401
1.264999985,-84.0235282074936
1.26999998,-107.4024612904032
1.274999976,-129.902485338387
1.279999971,-152.75407985291878
1.284999966,-175.9572242648064
1.289999961,-198.2814733354644
1.294999957,-221.3088360091218
1.299999952,-244.68776227383123
1.304999947,-267.3635885719416
1.309999942,-290.56673304112496
1.315000057,-314.1214411013604
1.320000052,-337.32458557054383
1.325000047,-359.8246028003274
1.330000042,-383.3793381906594
1.335000038,-406.9340462508948
1.340000033,-429.7856270717304
1.345000028,-453.51611698478763
1.350000023,-477.07085237511956
1.355000019,-499.5708696049032
1.360000014,-522.9497958696126
1.365000009,-545.4498130421005
1.370000004,-568.3013939202317
1.375,-590.9771928882456
1.379999995,-614.5319556086743
1.38499999,-636.6804092474058
1.389999985,-660.5866808986932
1.39499998,-684.1413890162244
1.399999976,-706.817188041534
1.404999971,-730.1961143062434
1.409999966,-753.2234769226051
1.414999961,-777.1297486311882
1.419999957,-800.5086748958976
1.424999952,-823.8876558208002
1.429999947,-846.9150184371618
1.434999942,-870.1181629063452
1.440000057,-893.4970891710545
1.445000052,-915.1181973086166
1.450000047,-938.6729053688521
1.455000042,-961.5245408498809
1.460000038,-984.2003398751904
1.465000033,-1007.5792661398998
1.470000028,-1030.2550651652095
1.475000023,-1053.9855550782668
1.480000019,-1076.837081238909
1.485000014,-1100.5675711519661
1.490000009,-1123.7707702240468
1.495000004,-1146.6224057050758
1.5,-1165.4310048850386
1.504999995,-1167.188823012186
1.50999999,-1160.157550560892
1.514999985,-1148.5559509675559
1.51999998,-1132.911424450836
1.524999976,-1115.157516101325
1.529999971,-1095.6457896819622
1.534999966,-1074.5519723280809
1.539999961,-1052.930864190519
1.544999957,-1030.78235594889
1.549999952,-1008.4581205719281
1.554999947,-986.1338851949664
1.559999942,-964.1612134090567
1.565000057,-942.1885416231468
1.570000052,-920.2158698372369
1.575000047,-898.594761699675
1.580000042,-876.7978171063937
1.585000038,-853.7704544327364
1.590000033,-831.2704372602485
1.595000028,-809.8251109182127
1.600000023,-787.149311892903
1.605000019,-764.8250764586454
1.610000014,-742.5008410816836
1.615000009,-720.0007692490026
1.620000004,-696.7976247798192
1.625,-673.5944803106358
1.629999995,-650.9186812853261
1.63499999,-627.7155368161428
1.639999985,-605.9186468830547
1.64499998,-583.2428478577452
1.649999976,-560.3912670369095
1.654999971,-537.7154133514068
1.659999966,-515.742741565497
1.664999961,-492.89116074466136
1.669999957,-470.21536171935185
1.674999952,-448.066908137916
1.679999947,-425.5668636353316
1.684999942,-402.53950096167415
1.690000057,-380.5668292330602
1.695000052,-357.7152483549288
1.700000047,-334.5120766129446
1.705000042,-311.4847139392872
1.710000038,-288.8089149139776
1.715000033,-266.133115888668
1.720000028,-243.8088531816096
1.725000023,-221.6603996001738
1.730000019,-198.63303698381222
1.735000014,-176.3087879131542
1.740000009,-154.1603206380222
1.745000004,-131.13295802166058
1.75,-111.2696543175498
1.754999995,-100.1954206799838
1.75999999,-95.4493254361116
1.764999985,-93.1641687405864
1.76999998,-92.2852596483648
1.774999976,-92.2852596483648
1.779999971,-92.2852596483648
1.784999966,-92.2852596483648
1.789999961,-92.2852596483648
1.794999957,-92.2852596483648
1.799999952,-92.2852596483648
1.804999947,-92.2852596483648
1.809999942,-92.2852596483648
1.815000057,-92.2852596483648
1.820000052,-92.2852596483648
1.825000047,-92.2852596483648
1.830000042,-92.2852596483648
1.835000038,-92.2852596483648
1.840000033,-92.2852596483648
1.845000028,-92.2852596483648
1.850000023,-92.2852596483648
1.855000019,-92.2852596483648
1.860000014,-92.2852596483648
1.865000009,-92.2852596483648
1.870000004,-92.2852596483648
1.875,-92.2852596483648
1.879999995,-92.2852596483648
1.88499999,-92.2852596483648
1.889999985,-92.2852596483648
1.89499998,-92.2852596483648
1.899999976,-92.2852596483648
1.904999971,-92.2852596483648
1.909999966,-92.2852596483648
1.914999961,-92.2852596483648
1.919999957,-92.2852596483648
1.924999952,-92.2852596483648
1.929999947,-92.2852596483648
1.934999942,-92.2852596483648
1.940000057,-92.2852596483648
1.945000052,-92.2852596483648
1.950000047,-92.2852596483648
1.955000042,-92.2852596483648
1.960000038,-92.2852596483648
1.965000033,-92.2852596483648
1.970000028,-92.2852596483648
1.975000023,-92.2852596483648
1.980000019,-92.2852596483648
1.985000014,-92.2852596483648
1.990000009,-92.2852596483648
1.995000004,-92.2852596483648
2.0,-92.2852596483648
2.005000114,-92.2852596483648
2.00999999,-92.2852596483648
2.015000104,-92.2852596483648
2.01999998,-92.2852596483648
2.025000095,-92.2852596483648
2.029999971,-92.2852596483648
2.035000085,-92.2852596483648
2.039999961,-92.2852596483648
2.045000076,-92.2852596483648
2.049999952,-92.2852596483648
2.055000066,-92.2852596483648
2.059999942,-92.2852596483648
2.065000057,-92.2852596483648
2.069999933,-92.2852596483648
2.075000047,-92.2852596483648
2.079999923,-92.2852596483648
2.085000038,-92.2852596483648
2.089999914,-92.2852596483648
2.095000028,-92.2852596483648
2.099999904,-92.2852596483648
2.105000019,-92.2852596483648
2.109999895,-92.2852596483648
2.115000009,-92.2852596483648
2.119999885,-92.2852596483648
2.125,-92.2852596483648
2.130000114,-92.2852596483648
2.13499999,-92.2852596483648
2.140000104,-92.2852596483648
2.14499998,-92.2852596483648
2.150000095,-92.2852596483648
2.154999971,-92.2852596483648
2.160000085,-92.2852596483648
2.164999961,-92.2852596483648
2.170000076,-92.2852596483648
2.174999952,-92.2852596483648
2.180000066,-92.2852596483648
2.184999942,-92.2852596483648
2.190000057,-92.2852596483648
2.194999933,-92.2852596483648
2.200000047,-92.2852596483648
2.204999923,-92.2852596483648
2.210000038,-92.2852596483648
2.214999914,-92.2852596483648
2.220000028,-92.2852596483648
2.224999904,-92.2852596483648
2.230000019,-92.2852596483648
2.234999895,-92.2852596483648
2.240000009,-92.2852596483648
2.244999885,-92.2852596483648
2.25,-92.2852596483648
2.255000114,-92.2852596483648
2.25999999,-92.2852596483648
2.265000104,-92.2852596483648
2.26999998,-92.2852596483648
2.275000095,-92.2852596483648
2.279999971,-92.2852596483648
2.285000085,-92.2852596483648
2.289999961,-92.2852596483648
2.295000076,-92.2852596483648
2.299999952,-92.2852596483648
2.305000066,-92.2852596483648
2.309999942,-92.2852596483648
2.315000057,-92.2852596483648
2.319999933,-92.2852596483648
2.325000047,-92.2852596483648
2.329999923,-92.2852596483648
2.335000038,-92.2852596483648
2.339999914,-92.2852596483648
2.345000028,-92.2852596483648
2.349999904,-92.2852596483648
2.355000019,-92.2852596483648
2.359999895,-92.2852596483648
2.365000009,-92.2852596483648
2.369999885,-92.2852596483648
2.375,-92.2852596483648
2.380000114,-92.2852596483648
2.38499999,-92.2852596483648
2.390000104,-92.2852596483648
2.39499998,-92.2852596483648
2.400000095,-92.2852596483648
2.404999971,-92.2852596483648
2.410000085,-92.2852596483648
2.414999961,-92.2852596483648
2.420000076,-92.2852596483648
2.424999952,-92.2852596483648
2.430000066,-92.2852596483648
2.434999942,-92.2852596483648
2.440000057,-92.2852596483648
2.444999933,-92.2852596483648
2.450000047,-92.2852596483648
2.454999923,-92.2852596483648
2.460000038,-92.2852596483648
2.464999914,-92.2852596483648
2.470000028,-92.2852596483648
2.474999904,-92.2852596483648
2.480000019,-92.2852596483648
2.484999895,-92.2852596483648
2.490000009,-92.2852596483648
2.494999885,-92.2852596483648
2.5,-92.2852596483648
2.505000114,-92.2852596483648
2.50999999,-92.2852596483648
2.515000104,-92.2852596483648
2.51999998,-92.2852596483648
2.525000095,-92.2852596483648
2.529999971,-92.2852596483648
2.535000085,-92.2852596483648
2.539999961,-92.2852596483648
2.545000076,-92.2852596483648
2.549999952,-92.2852596483648
2.555000066,-92.2852596483648
2.559999942,-92.2852596483648
2.565000057,-92.2852596483648
2.569999933,-92.2852596483648
2.575000047,-92.2852596483648
2.579999923,-92.2852596483648
2.585000038,-92.2852596483648
2.589999914,-92.2852596483648
2.595000028,-92.2852596483648
2.599999904,-92.2852596483648
2.605000019,-92.2852596483648
2.609999895,-92.2852596483648
2.615000009,-92.2852596483648
2.619999885,-92.2852596483648
2.625,-92.2852596483648
2.630000114,-92.2852596483648
2.63499999,-92.2852596483648
2.640000104,-92.2852596483648
2.64499998,-92.2852596483648
2.650000095,-92.2852596483648
2.654999971,-92.2852596483648
2.660000085,-92.2852596483648
2.664999961,-92.2852596483648
2.670000076,-92.2852596483648
2.674999952,-92.2852596483648
2.680000066,-92.2852596483648
2.684999942,-92.2852596483648
2.690000057,-92.2852596483648
2.694999933,-92.2852596483648
2.700000047,-92.2852596483648
2.704999923,-92.2852596483648
2.710000038,-92.2852596483648
2.714999914,-92.2852596483648
2.720000028,-92.2852596483648
2.724999904,-92.2852596483648
2.730000019,-92.2852596483648
2.734999895,-92.2852596483648
2.740000009,-92.2852596483648
2.744999885,-92.2852596483648
2.75,-92.2852596483648
2.755000114,-92.2852596483648
2.75999999,-92.2852596483648
2.765000104,-92.2852596483648
2.76999998,-92.2852596483648
2.775000095,-92.2852596483648
2.779999971,-92.2852596483648
2.785000085,-92.2852596483648
2.789999961,-92.2852596483648
2.795000076,-92.2852596483648
2.799999952,-92.2852596483648
2.805000066,-92.2852596483648
2.809999942,-92.2852596483648
2.815000057,-92.2852596483648
2.819999933,-92.2852596483648
2.825000047,-92.2852596483648
2.829999923,-92.2852596483648
2.835000038,-92.2852596483648
2.839999914,-92.2852596483648
2.845000028,-92.2852596483648
2.849999904,-92.2852596483648
2.855000019,-92.2852596483648
2.859999895,-92.2852596483648
2.865000009,-92.2852596483648
2.869999885,-92.2852596483648
2.875,-92.2852596483648
2.880000114,-92.2852596483648
2.88499999,-92.2852596483648
2.890000104,-92.2852596483648
2.89499998,-92.2852596483648
2.900000095,-92.2852596483648
2.904999971,-92.2852596483648
2.910000085,-92.2852596483648
2.914999961,-92.2852596483648
2.920000076,-92.2852596483648
2.924999952,-92.2852596483648
2.930000066,-92.2852596483648
2.934999942,-92.2852596483648
2.940000057,-92.2852596483648
2.944999933,-92.2852596483648
2.950000047,-92.2852596483648
2.954999923,-92.2852596483648
2.960000038,-92.2852596483648
2.964999914,-92.2852596483648
2.970000028,-92.2852596483648
2.974999904,-92.2852596483648
2.980000019,-92.2852596483648
2.984999895,-92.2852596483648
2.990000009,-92.2852596483648
2.994999885,-92.2852596483648
3.0,-92.2852596483648
3.005000114,-92.2852596483648
3.00999999,-92.2852596483648
3.015000104,-92.2852596483648
3.01999998,-92.2852596483648
3.025000095,-92.2852596483648
3.029999971,-92.2852596483648
3.035000085,-92.2852596483648
3.039999961,-92.2852596483648
3.045000076,-92.2852596483648
3.049999952,-92.2852596483648
3.055000066,-92.2852596483648
3.059999942,-92.2852596483648
3.065000057,-92.2852596483648
3.069999933,-92.2852596483648
3.075000047,-92.2852596483648
3.079999923,-92.2852596483648
3.085000038,-92.2852596483648
3.089999914,-92.2852596483648
3.095000028,-92.2852596483648
3.099999904,-92.2852596483648
3.105000019,-92.2852596483648
3.109999895,-92.2852596483648
3.115000009,-92.2852596483648
3.119999885,-92.2852596483648
3.125,-92.2852596483648
3.130000114,-92.2852596483648
3.13499999,-92.2852596483648
3.140000104,-92.2852596483648
3.14499998,-92.2852596483648
3.150000095,-92.2852596483648
3.154999971,-92.2852596483648
3.160000085,-92.2852596483648
3.164999961,-92.2852596483648
3.170000076,-92.2852596483648
3.174999952,-92.2852596483648
3.180000066,-92.2852596483648
3.184999942,-92.2852596483648
3.190000057,-92.2852596483648
3.194999933,-92.2852596483648
3.200000047,-92.2852596483648
3.204999923,-92.2852596483648
3.210000038,-92.2852596483648
3.214999914,-92.2852596483648
3.220000028,-92.2852596483648
3.224999904,-92.2852596483648
3.230000019,-92.2852596483648
3.234999895,-92.2852596483648
3.240000009,-92.2852596483648
3.244999885,-92.2852596483648
3.25,-92.2852596483648
3.255000114,-92.2852596483648
3.25999999,-92.2852596483648
3.265000104,-92.2852596483648
3.26999998,-92.2852596483648
3.275000095,-92.2852596483648
3.279999971,-92.2852596483648
3.285000085,-92.2852596483648
3.289999961,-92.2852596483648
3.295000076,-92.2852596483648
3.299999952,-92.2852596483648
3.305000066,-92.2852596483648
3.309999942,-92.2852596483648
3.315000057,-92.2852596483648
3.319999933,-92.2852596483648
3.325000047,-92.2852596483648
3.329999923,-92.2852596483648
3.335000038,-92.2852596483648
3.339999914,-92.2852596483648
3.345000028,-92.2852596483648
3.349999904,-92.2852596483648
3.355000019,-92.2852596483648
3.359999895,-92.2852596483648
3.365000009,-92.2852596483648
3.369999885,-92.2852596483648
3.375,-92.2852596483648
3.380000114,-92.2852596483648
3.38499999,-92.2852596483648
3.390000104,-92.2852596483648
3.39499998,-92.2852596483648
3.400000095,-92.2852596483648
3.404999971,-92.2852596483648
3.410000085,-92.2852596483648
3.414999961,-92.2852596483648
3.420000076,-92.2852596483648
3.424999952,-92.2852596483648
3.430000066,-92.2852596483648
3.434999942,-92.2852596483648
3.440000057,-92.2852596483648
3.444999933,-92.2852596483648
3.450000047,-92.2852596483648
3.454999923,-92.2852596483648
3.460000038,-92.2852596483648
3.464999914,-92.2852596483648
3.470000028,-92.2852596483648
3.474999904,-92.2852596483648
3.480000019,-92.2852596483648
3.484999895,-92.2852596483648
3.490000009,-92.2852596483648
3.494999885,-92.2852596483648
3.5,-92.2852596483648
3.505000114,-92.2852596483648
3.50999999,-92.2852596483648
3.515000104,-92.2852596483648
3.51999998,-92.2852596483648
3.525000095,-92.2852596483648
3.529999971,-92.2852596483648
3.535000085,-92.2852596483648
3.539999961,-92.2852596483648
3.545000076,-92.2852596483648
3.549999952,-92.2852596483648
3.555000066,-92.2852596483648
3.559999942,-92.2852596483648
3.565000057,-92.2852596483648
3.569999933,-92.2852596483648
3.575000047,-92.2852596483648
3.579999923,-92.2852596483648
3.585000038,-92.2852596483648
3.589999914,-92.2852596483648
3.595000028,-92.2852596483648
3.599999904,-92.2852596483648
3.605000019,-92.2852596483648
3.609999895,-92.2852596483648
3.615000009,-92.2852596483648
3.619999885,-92.2852596483648
3.625,-92.2852596483648
3.630000114,-92.2852596483648
3.63499999,-92.2852596483648
3.640000104,-92.2852596483648
3.64499998,-92.2852596483648
3.650000095,-92.2852596483648
3.654999971,-92.2852596483648
3.660000085,-92.2852596483648
3.664999961,-92.2852596483648
3.670000076,-92.2852596483648
3.674999952,-92.2852596483648
3.680000066,-92.2852596483648
3.684999942,-92.2852596483648
3.690000057,-92.2852596483648
3.694999933,-92.2852596483648
3.700000047,-92.2852596483648
3.704999923,-92.2852596483648
3.710000038,-92.2852596483648
3.714999914,-92.2852596483648
3.720000028,-92.2852596483648
3.724999904,-92.2852596483648
3.730000019,-92.2852596483648
3.734999895,-92.2852596483648
3.740000009,-92.2852596483648
3.744999885,-92.2852596483648
3.75,-92.2852596483648
3.755000114,-92.2852596483648
3.75999999,-92.2852596483648
3.765000104,-92.2852596483648
3.76999998,-92.2852596483648
3.775000095,-92.2852596483648
3.779999971,-92.2852596483648
3.785000085,-92.2852596483648
3.789999961,-92.2852596483648
3.795000076,-92.2852596483648
3.799999952,-92.2852596483648
3.805000066,-92.2852596483648
3.809999942,-92.2852596483648
3.815000057,-92.2852596483648
3.819999933,-92.2852596483648
3.825000047,-92.2852596483648
3.829999923,-92.2852596483648
3.835000038,-92.2852596483648
3.839999914,-92.2852596483648
3.845000028,-92.2852596483648
3.849999904,-92.2852596483648
3.855000019,-92.2852596483648
3.859999895,-92.2852596483648
3.865000009,-92.2852596483648
3.869999885,-92.2852596483648
3.875,-92.2852596483648
3.880000114,-92.2852596483648
3.88499999,-92.2852596483648
3.890000104,-92.2852596483648
3.89499998,-92.2852596483648
3.900000095,-92.2852596483648
3.904999971,-92.2852596483648
3.910000085,-92.2852596483648
3.914999961,-92.2852596483648
3.920000076,-92.2852596483648
3.924999952,-92.2852596483648
3.930000066,-92.2852596483648
3.934999942,-92.2852596483648
3.940000057,-92.2852596483648
3.944999933,-92.2852596483648
3.950000047,-92.2852596483648
3.954999923,-92.2852596483648
3.960000038,-92.2852596483648
3.964999914,-92.2852596483648
3.970000028,-92.2852596483648
3.974999904,-92.2852596483648
3.980000019,-92.2852596483648
3.984999895,-92.2852596483648
3.990000009,-92.2852596483648
3.994999885,-92.2852596483648
4.0,-92.2852596483648
4.005000114,-92.2852596483648
4.010000228,-92.2852596483648
4.014999866,-92.2852596483648
4.01999998,-92.2852596483648
4.025000095,-92.2852596483648
4.030000209,-92.2852596483648
4.034999847,-92.2852596483648
4.039999961,-92.2852596483648
4.045000076,-92.2852596483648
4.05000019,-92.2852596483648
4.054999828,-92.2852596483648
4.059999942,-92.2852596483648
4.065000057,-92.2852596483648
4.070000171,-92.2852596483648
4.074999809,-92.2852596483648
4.079999923,-92.2852596483648
4.085000038,-92.2852596483648
4.090000152,-92.2852596483648
4.09499979,-92.2852596483648
4.099999904,-92.2852596483648
4.105000019,-92.2852596483648
4.110000133,-92.2852596483648
4.114999771,-92.2852596483648
4.119999885,-92.2852596483648
4.125,-92.2852596483648
4.130000114,-92.2852596483648
4.135000228,-92.2852596483648
4.139999866,-92.2852596483648
4.14499998,-92.2852596483648
4.150000095,-92.2852596483648
4.155000209,-92.2852596483648
4.159999847,-92.2852596483648
4.164999961,-92.2852596483648
4.170000076,-92.2852596483648
4.17500019,-92.2852596483648
4.179999828,-92.2852596483648
4.184999942,-92.2852596483648
4.190000057,-92.2852596483648
4.195000171,-92.2852596483648
4.199999809,-92.2852596483648
4.204999923,-92.2852596483648
4.210000038,-92.2852596483648
4.215000152,-92.2852596483648
4.21999979,-92.2852596483648
4.224999904,-92.2852596483648
4.230000019,-92.2852596483648
4.235000133,-92.2852596483648
4.239999771,-92.2852596483648
4.244999885,-92.2852596483648
4.25,-92.2852596483648
4.255000114,-92.2852596483648
4.260000228,-92.2852596483648
4.264999866,-92.2852596483648
4.26999998,-92.2852596483648
4.275000095,-92.2852596483648
4.280000209,-92.2852596483648
4.284999847,-92.2852596483648
4.289999961,-92.2852596483648
4.295000076,-92.2852596483648
4.30000019,-92.2852596483648
4.304999828,-92.2852596483648
4.309999942,-92.2852596483648
4.315000057,-92.2852596483648
4.320000171,-92.2852596483648
4.324999809,-92.2852596483648
4.329999923,-92.2852596483648
4.335000038,-92.2852596483648
4.340000152,-92.2852596483648
4.34499979,-92.2852596483648
4.349999904,-92.2852596483648
4.355000019,-92.2852596483648
4.360000133,-92.2852596483648
4.364999771,-92.2852596483648
4.369999885,-92.2852596483648
4.375,-92.2852596483648
4.380000114,-92.2852596483648
4.385000228,-92.2852596483648
4.389999866,-92.2852596483648
4.39499998,-92.2852596483648
4.400000095,-92.2852596483648
4.405000209,-92.2852596483648
4.409999847,-92.2852596483648
4.414999961,-92.2852596483648
4.420000076,-92.2852596483648
4.42500019,-92.2852596483648
4.429999828,-92.2852596483648
4.434999942,-92.2852596483648
4.440000057,-92.2852596483648
4.445000171,-92.2852596483648
4.449999809,-92.2852596483648
4.454999923,-92.2852596483648
4.460000038,-92.2852596483648
4.465000152,-92.2852596483648
4.46999979,-92.2852596483648
4.474999904,-92.2852596483648
4.480000019,-92.2852596483648
4.485000133,-92.2852596483648
4.489999771,-92.2852596483648
4.494999885,-92.2852596483648
4.5,-92.2852596483648
4.505000114,-92.2852596483648
4.510000228,-92.2852596483648
4.514999866,-92.2852596483648
4.51999998,-92.2852596483648
4.525000095,-92.2852596483648
4.530000209,-92.2852596483648
4.534999847,-92.2852596483648
4.539999961,-92.2852596483648
4.545000076,-92.2852596483648
4.55000019,-92.2852596483648
4.554999828,-92.2852596483648
4.559999942,-92.2852596483648
4.565000057,-92.2852596483648
4.570000171,-92.2852596483648
4.574999809,-92.2852596483648
4.579999923,-92.2852596483648
4.585000038,-92.2852596483648
4.590000152,-92.2852596483648
4.59499979,-92.2852596483648
4.599999904,-92.2852596483648
4.605000019,-92.2852596483648
4.610000133,-92.2852596483648
4.614999771,-92.2852596483648
4.619999885,-92.2852596483648
4.625,-92.2852596483648
4.630000114,-92.2852596483648
4.635000228,-92.2852596483648
4.639999866,-92.2852596483648
4.64499998,-92.2852596483648
4.650000095,-92.2852596483648
4.655000209,-92.2852596483648
4.659999847,-92.2852596483648
4.664999961,-92.2852596483648
4.670000076,-92.2852596483648
4.67500019,-92.2852596483648
4.679999828,-92.2852596483648
4.684999942,-92.2852596483648
4.690000057,-92.2852596483648
4.695000171,-92.2852596483648
4.699999809,-92.2852596483648
4.704999923,-92.2852596483648
4.710000038,-92.2852596483648
4.715000152,-92.2852596483648
4.71999979,-92.2852596483648
4.724999904,-92.2852596483648
4.730000019,-92.2852596483648
4.735000133,-92.2852596483648
4.739999771,-92.2852596483648
4.744999885,-92.2852596483648
4.75,-92.2852596483648
4.755000114,-92.2852596483648
4.760000228,-92.2852596483648
4.764999866,-92.2852596483648
4.76999998,-92.2852596483648
4.775000095,-92.2852596483648
4.780000209,-92.2852596483648
4.784999847,-92.2852596483648
4.789999961,-92.2852596483648
4.795000076,-92.2852596483648
4.80000019,-92.2852596483648
4.804999828,-92.2852596483648
4.809999942,-92.2852596483648
4.815000057,-92.2852596483648
4.820000171,-92.2852596483648
4.824999809,-92.2852596483648
4.829999923,-92.2852596483648
4.835000038,-92.2852596483648
4.840000152,-92.2852596483648
4.84499979,-92.2852596483648
4.849999904,-92.2852596483648
4.855000019,-92.2852596483648
4.860000133,-92.2852596483648
4.864999771,-92.2852596483648
4.869999885,-92.2852596483648
4.875,-92.2852596483648
4.880000114,-92.2852596483648
4.885000228,-92.2852596483648
4.889999866,-92.2852596483648
4.89499998,-92.2852596483648
4.900000095,-92.2852596483648
4.905000209,-92.2852596483648
4.909999847,-92.2852596483648
4.914999961,-92.2852596483648
4.920000076,-92.2852596483648
4.92500019,-92.2852596483648
4.929999828,-92.2852596483648
4.934999942,-92.2852596483648
4.940000057,-92.2852596483648
4.945000171,-92.2852596483648
4.949999809,-92.2852596483648
4.954999923,-92.2852596483648
4.960000038,-92.2852596483648
4.965000152,-92.2852596483648
4.96999979,-92.2852596483648
4.974999904,-92.2852596483648
4.980000019,-92.2852596483648
4.985000133,-92.2852596483648
4.989999771,-92.2852596483648
4.994999885,-92.2852596483648
0.0,0.0
0.004999999,0.0
0.009999999,0.0
0.014999999,0.0
0.019999999,0.0
0.025,0.0
0.029999999,0.0
0.035,0.0
0.039999999,0.0
0.045000001,0.0
0.05,0.0
0.054999999,0.0
0.059999998,0.0
0.064999997,0.0
0.07,0.0
0.075000002,0.0
0.079999998,0.0
0.085,0.0
0.090000003,0.0
0.094999998,0.0
0.100000001,0.0
0.104999996,0.0
0.109999999,0.0
0.115000002,0.0
0.119999997,0.0
0.125,0.0
0.129999995,0.0
0.135000005,0.0
0.14,0.0
0.144999995,0.0
0.150000005,0.0
0.155000001,0.0
0.159999996,0.0
0.165000006,0.0
0.170000001,0.0
0.174999997,0.0
0.180000007,0.0
0.185000002,0.0
0.189999997,0.0
0.194999992,0.0
0.200000002,0.0
0.204999998,0.0
0.209999993,0.0
0.215000003,0.0
0.219999998,0.0
0.224999994,0.0
0.230000004,0.0
0.234999999,0.0
0.239999994,0.0
0.245000004,0.0
0.25,0.0
0.254999995,0.0
0.25999999,0.0
0.264999985,0.0
0.27000001,0.0
0.275000005,0.0
0.280000001,0.0
0.284999996,0.0
0.289999991,0.0
0.294999986,0.0
0.300000011,0.0
0.305000007,0.0
0.310000002,0.0
0.314999997,0.0
0.319999992,0.0
0.324999988,0.0
0.330000013,0.0
0.335000008,0.0
0.340000003,0.0
0.344999998,0.0
0.349999994,0.0
0.354999989,0.0
0.360000014,0.0
0.365000009,0.0
0.370000004,0.0
0.375,0.0
0.379999995,0.0
0.38499999,0.0
0.389999985,0.0
0.39500001,0.0
0.400000005,0.0
0.405000001,0.0
0.409999996,0.0
0.414999991,0.0
0.419999986,0.0
0.425000011,0.0
0.430000007,0.0
0.435000002,0.0
0.439999997,0.0
0.444999992,0.0
0.449999988,0.0
0.455000013,0.0
0.460000008,0.0
0.465000003,0.0
0.469999998,0.0
0.474999994,0.0
0.479999989,0.0
0.485000014,0.0
0.490000009,0.0
0.495000004,0.0
0.5,0.0
0.504999995,0.0
0.50999999,0.0
0.514999985,0.0
0.51999998,0.0
0.524999976,0.0
0.529999971,0.0
0.535000026,0.0
0.540000021,0.0
0.545000016,0.0
0.550000011,0.0
0.555000007,0.0
0.560000002,0.0
0.564999997,0.0
0.569999992,0.0
0.574999988,0.0
0.579999983,0.0
0.584999978,0.0
0.589999973,0.0
0.595000028,0.0
0.600000023,0.0
0.605000019,0.0
0.610000014,0.0
0.615000009,0.0
0.620000004,0.0
0.625,0.0
0.629999995,0.0
0.63499999,0.0
0.639999985,0.0
0.64499998,0.0
0.649999976,0.0
0.654999971,0.0
0.660000026,0.0
0.665000021,0.0
0.670000016,0.0
0.675000011,0.0
0.680000007,0.0
0.685000002,0.0
0.689999997,0.0
0.694999992,0.0
0.699999988,0.0
0.704999983,0.0
0.709999978,0.0
0.714999973,0.0
0.720000028,0.0
0.725000023,0.0
0.730000019,0.0
0.735000014,0.0
0.740000009,0.0
0.745000004,0.0
0.75,2.2851588154698
0.754999995,11.777356579780799
0.75999999,24.785184123961198
0.764999985,41.1328584492732
0.76999998,59.2383474639846
0.774999976,78.9258693152736
0.779999971,100.1954206799838
0.785000026,121.99231748856779
0.790000021,143.613439319826
0.795000016,166.465033777062
0.800000011,188.2619237674458
0.805000007,210.41039098528202
0.810000002,232.38306277119182
0.814999997,255.23464359202742
0.819999992,277.38312450355977
0.824999988,298.8284508455958
0.829999983,321.5042498709054
0.834999978,343.6527307824378
0.839999973,365.6254025683476
0.845000028,388.1254197981312
0.850000023,410.80124609624164
0.855000019,433.4770451215512
0.860000014,456.3286259423868
0.865000009,479.180234093319
0.870000004,502.03181497145044
0.875,524.5318321439382
0.879999995,546.8560675781958
0.88499999,569.7076483990314
0.889999985,591.8561019804672
0.89499998,614.3561738131482
0.899999976,637.2077546339838
0.904999971,659.1804264198936
0.910000026,682.0320072407293
0.915000021,704.5320244705127
0.920000016,726.8562598474747
0.925000011,749.883622521132
0.930000007,772.9109851374936
0.935000002,794.7079297880706
0.939999997,818.4384196438319
0.944999992,841.2900004646676
0.949999988,864.1415812855032
0.954999983,887.1689439591606
0.959999978,909.8447429844701
0.964999973,931.8174693732774
0.970000028,955.0205591822677
0.975000023,977.1690674238966
0.980000019,1000.1964300975541
0.985000014,1022.5206654745158
0.990000009,1044.8449008514774
0.995000004,1067.3449727414545
1.0,1084.5714809296026
1.004999995,1086.153571921417
1.00999999,1078.7707358217756
1.014999985,1066.9934090931067
1.01999998,1050.9972096076524
1.024999976,1032.3644468834086
1.029999971,1011.9737567689272
1.034999966,991.055775870765
1.039999961,969.4346677332029
1.044999957,947.4619959472932
1.049999952,924.9619241146122
1.054999947,901.934616101148
1.059999942,879.0829806201192
1.065000057,855.8798362082315
1.070000052,833.0282553301001
1.075000047,810.7040199531383
1.080000042,787.676657279481
1.085000038,764.1219492192456
1.090000033,741.27036839841
1.095000028,717.7156603381746
1.100000023,694.6882430616198
1.105000019,672.0124440363102
1.110000014,648.6335177716009
1.115000009,625.9577187462912
1.120000004,603.2819197209816
1.125,580.2545570473242
1.129999995,556.6998489870888
1.13499999,534.551395405653
1.139999985,511.1724144807504
1.14499998,488.1450518643888
1.149999976,465.29347104355315
1.154999971,442.4418901654218
1.159999966,419.06296390071236
1.164999961,396.0356012843508
1.169999957,372.48089322411545
1.174999952,349.6292850731832
1.179999947,326.6019223995258
1.184999942,303.9261233742162
1.190000057,280.5471971095068
1.195000052,258.2229344024484
1.200000047,235.19557178608682
1.205000042,212.1682091124294
1.210000038,189.3166145978976
1.215000033,166.289251981536
1.220000028,142.7345302276044
1.225000023,119.35560396289502
1.230000019,96.679791301185
1.235000014,73.6524218093274
1.240000009,50.6250557552178
1.245000004,27.597686320656
1.25,3.8671917093432002
1.254999995,-19.687521851289002
1.25999999,-42.7148913431466
1.264999985,-65.7422607777084
1.26999998,-88.59384847403999
1.274999976,-111.2696543175498
1.279999971,-134.1212351383854
1.284999966,-157.675956892317
1.289999961,-180.0001922692788
1.294999957,-203.2033503748626
1.299999952,-226.23071304852
1.304999947,-249.4338711541038
1.309999942,-271.9338883838874
1.315000057,-295.6643782396488
1.320000052,-318.6917682434028
1.325000047,-342.2464763036382
1.330000042,-365.9769661593996
1.335000038,-388.828547037531
1.340000033,-412.3832550977664
1.345000028,-435.7622086925724
1.350000023,-458.61376218331145
1.355000019,-481.816961312688
1.360000014,-504.6685421335236
1.365000009,-528.0474683982329
1.370000004,-550.8990492190686
1.375,-574.2779754837779
1.379999995,-597.4811199529614
1.38499999,-620.1569189782709
1.389999985,-643.5358452429805
1.39499998,-666.7390443150613
1.399999976,-689.4148433403708
1.404999971,-713.672678640006
1.409999966,-736.8758231091894
1.414999961,-760.4305311694247
1.419999957,-783.6336756386082
1.424999952,-807.1883836988436
1.429999947,-829.6884009286273
1.434999942,-852.8915453978105
1.440000057,-876.2705263227132
1.445000052,-898.7705434952011
1.450000047,-922.500978748065
1.455000042,-945.5283414217223
1.460000038,-968.7315404938031
1.465000033,-991.7589031101649
1.470000028,-1015.4893930232221
1.475000023,-1038.1651920485315
1.480000019,-1061.544118313241
1.485000014,-1085.2746081690022
1.490000009,-1108.829370889431
1.495000004,-1131.8567335630885
1.5,-1150.665332743051
1.504999995,-1151.5441871177836
1.50999999,-1142.227805755662
1.514999985,-1128.3410973087937
1.51999998,-1112.1691706880065
1.524999976,-1093.7121351563917
1.529999971,-1074.7276995207096
1.534999966,-1054.1612822135994
1.539999961,-1033.0675741801044
1.544999957,-1011.2706295295274
1.549999952,-989.4737941993369
1.554999947,-967.149558822375
1.559999942,-945.001050580746
1.565000057,-923.2041059874648
1.570000052,-900.7041434178743
1.575000047,-878.9071988245933
1.580000042,-856.9345270386833
1.585000038,-835.1376371055954
1.590000033,-813.3407471152116
1.595000028,-791.1922935337758
1.600000023,-768.8680581568141
1.605000019,-747.071113506237
1.610000014,-724.5710963337492
1.615000009,-702.5984245478394
1.620000004,-680.2741891708777
1.625,-657.774171941094
1.629999995,-635.6257183596582
1.63499999,-612.2467920949488
1.639999985,-589.2193748183939
1.64499998,-566.7193575886105
1.649999976,-544.0435585633007
1.654999971,-521.8951049818651
1.659999966,-500.09821504877704
1.664999961,-477.42241602346735
1.669999957,-455.625498702987
1.674999952,-433.3012633260252
1.679999947,-410.97702794906337
1.684999942,-388.3012015936572
1.690000057,-366.32852980774743
1.695000052,-344.0042944307856
1.700000047,-321.3284680753794
1.705000042,-299.00423269841764
1.710000038,-276.85577905968603
1.715000033,-253.6526346477984
1.720000028,-230.6252446440444
1.725000023,-208.4767910626086
1.730000019,-185.273646650721
1.735000014,-163.4767430239368
1.740000009,-141.3282757488048
1.745000004,-118.8282585190212
1.75,-98.7891730193844
1.754999995,-87.3633757907664
1.75999999,-82.61728054689421
1.764999985,-81.3868078636206
1.76999998,-81.5625896591466
1.774999976,-81.7383715119684
1.779999971,-81.7383715119684
1.784999966,-81.7383715119684
1.789999961,-81.7383715119684
1.794999957,-81.7383715119684
1.799999952,-81.7383715119684
1.804999947,-81.7383715119684
1.809999942,-81.7383715119684
1.815000057,-81.7383715119684
1.820000052,-81.7383715119684
1.825000047,-81.7383715119684
1.830000042,-81.7383715119684
1.835000038,-81.7383715119684
1.840000033,-81.7383715119684
1.845000028,-81.7383715119684
1.850000023,-81.7383715119684
1.855000019,-81.7383715119684
1.860000014,-81.7383715119684
1.865000009,-81.7383715119684
1.870000004,-81.7383715119684
1.875,-81.7383715119684
1.879999995,-81.7383715119684
1.88499999,-81.7383715119684
1.889999985,-81.7383715119684
1.89499998,-81.7383715119684
1.899999976,-81.7383715119684
1.904999971,-81.7383715119684
1.909999966,-81.7383715119684
1.914999961,-81.7383715119684
1.919999957,-81.7383715119684
1.924999952,-81.7383715119684
1.929999947,-81.7383715119684
1.934999942,-81.7383715119684
1.940000057,-81.7383715119684
1.945000052,-81.7383715119684
1.950000047,-81.7383715119684
1.955000042,-81.7383715119684
1.960000038,-81.7383715119684
1.965000033,-81.7383715119684
1.970000028,-81.7383715119684
1.975000023,-81.7383715119684
1.980000019,-81.7383715119684
1.985000014,-81.7383715119684
1.990000009,-81.7383715119684
1.995000004,-81.7383715119684
2.0,-81.7383715119684
2.005000114,-81.7383715119684
2.00999999,-81.7383715119684
2.015000104,-81.7383715119684
2.01999998,-81.7383715119684
2.025000095,-81.7383715119684
2.029999971,-81.7383715119684
2.035000085,-81.7383715119684
2.039999961,-81.7383715119684
2.045000076,-81.7383715119684
2.049999952,-81.7383715119684
2.055000066,-81.7383715119684
2.059999942,-81.7383715119684
2.065000057,-81.7383715119684
2.069999933,-81.7383715119684
2.075000047,-81.7383715119684
2.079999923,-81.7383715119684
2.085000038,-81.7383715119684
2.089999914,-81.7383715119684
2.095000028,-81.7383715119684
2.099999904,-81.7383715119684
2.105000019,-81.7383715119684
2.109999895,-81.7383715119684
2.115000009,-81.7383715119684
2.119999885,-81.7383715119684
2.125,-81.7383715119684
2.130000114,-81.7383715119684
2.13499999,-81.7383715119684
2.140000104,-81.7383715119684
2.14499998,-81.7383715119684
2.150000095,-81.7383715119684
2.154999971,-81.7383715119684
2.160000085,-81.7383715119684
2.164999961,-81.7383715119684
2.170000076,-81.7383715119684
2.174999952,-81.7383715119684
2.180000066,-81.7383715119684
2.184999942,-81.7383715119684
2.190000057,-81.7383715119684
2.194999933,-81.7383715119684
2.200000047,-81.7383715119684
2.204999923,-81.7383715119684
2.210000038,-81.7383715119684
2.214999914,-81.7383715119684
2.220000028,-81.7383715119684
2.224999904,-81.7383715119684
2.230000019,-81.7383715119684
2.234999895,-81.7383715119684
2.240000009,-81.7383715119684
2.244999885,-81.7383715119684
2.25,-81.7383715119684
2.255000114,-81.7383715119684
2.25999999,-81.7383715119684
2.265000104,-81.7383715119684
2.26999998,-81.7383715119684
2.275000095,-81.7383715119684
2.279999971,-81.7383715119684
2.285000085,-81.7383715119684
2.289999961,-81.7383715119684
2.295000076,-81.7383715119684
2.299999952,-81.7383715119684
2.305000066,-81.7383715119684
2.309999942,-81.7383715119684
2.315000057,-81.7383715119684
2.319999933,-81.7383715119684
2.325000047,-81.7383715119684
2.329999923,-81.7383715119684
2.335000038,-81.7383715119684
2.339999914,-81.7383715119684
2.345000028,-81.7383715119684
2.349999904,-81.7383715119684
2.355000019,-81.7383715119684
2.359999895,-81.7383715119684
2.365000009,-81.7383715119684
2.369999885,-81.7383715119684
2.375,-81.7383715119684
2.380000114,-81.7383715119684
2.38499999,-81.7383715119684
2.390000104,-81.7383715119684
2.39499998,-81.7383715119684
2.400000095,-81.7383715119684
2.404999971,-81.7383715119684
2.410000085,-81.7383715119684
2.414999961,-81.7383715119684
2.420000076,-81.7383715119684
2.424999952,-81.7383715119684
2.430000066,-81.7383715119684
2.434999942,-81.7383715119684
2.440000057,-81.7383715119684
2.444999933,-81.7383715119684
2.450000047,-81.7383715119684
2.454999923,-81.7383715119684
2.460000038,-81.7383715119684
2.464999914,-81.7383715119684
2.470000028,-81.7383715119684
2.474999904,-81.7383715119684
2.480000019,-81.7383715119684
2.484999895,-81.7383715119684
2.490000009,-81.7383715119684
2.494999885,-81.7383715119684
2.5,-81.7383715119684
2.505000114,-81.7383715119684
2.50999999,-81.7383715119684
2.515000104,-81.7383715119684
2.51999998,-81.7383715119684
2.525000095,-81.7383715119684
2.529999971,-81.7383715119684
2.535000085,-81.7383715119684
2.539999961,-81.7383715119684
2.545000076,-81.7383715119684
2.549999952,-81.7383715119684
2.555000066,-81.7383715119684
2.559999942,-81.7383715119684
2.565000057,-81.7383715119684
2.569999933,-81.7383715119684
2.575000047,-81.7383715119684
2.579999923,-81.7383715119684
2.585000038,-81.7383715119684
2.589999914,-81.7383715119684
2.595000028,-81.7383715119684
2.599999904,-81.7383715119684
2.605000019,-81.7383715119684
2.609999895,-81.7383715119684
2.615000009,-81.7383715119684
2.619999885,-81.7383715119684
2.625,-81.7383715119684
2.630000114,-81.7383715119684
2.63499999,-81.7383715119684
2.640000104,-81.7383715119684
2.64499998,-81.7383715119684
2.650000095,-81.7383715119684
2.654999971,-81.7383715119684
2.660000085,-81.7383715119684
2.664999961,-81.7383715119684
2.670000076,-81.7383715119684
2.674999952,-81.7383715119684
2.680000066,-81.7383715119684
2.684999942,-81.7383715119684
2.690000057,-81.7383715119684
2.694999933,-81.7383715119684
2.700000047,-81.7383715119684
2.704999923,-81.7383715119684
2.710000038,-81.7383715119684
2.714999914,-81.7383715119684
2.720000028,-81.7383715119684
2.724999904,-81.7383715119684
2.730000019,-81.7383715119684
2.734999895,-81.7383715119684
2.740000009,-81.7383715119684
2.744999885,-81.7383715119684
2.75,-81.7383715119684
2.755000114,-81.7383715119684
2.75999999,-81.7383715119684
2.765000104,-81.7383715119684
2.76999998,-81.7383715119684
2.775000095,-81.7383715119684
2.779999971,-81.7383715119684
2.785000085,-81.7383715119684
2.789999961,-81.7383715119684
2.795000076,-81.7383715119684
2.799999952,-81.7383715119684
2.805000066,-81.7383715119684
2.809999942,-81.7383715119684
2.815000057,-81.7383715119684
2.819999933,-81.7383715119684
2.825000047,-81.7383715119684
2.829999923,-81.7383715119684
2.835000038,-81.7383715119684
2.839999914,-81.7383715119684
2.845000028,-81.7383715119684
2.849999904,-81.7383715119684
2.855000019,-81.7383715119684
2.859999895,-81.7383715119684
2.865000009,-81.7383715119684
2.869999885,-81.7383715119684
2.875,-81.7383715119684
2.880000114,-81.7383715119684
2.88499999,-81.7383715119684
2.890000104,-81.7383715119684
2.89499998,-81.7383715119684
2.900000095,-81.7383715119684
2.904999971,-81.7383715119684
2.910000085,-81.7383715119684
2.914999961,-81.7383715119684
2.920000076,-81.7383715119684
2.924999952,-81.7383715119684
2.930000066,-81.7383715119684
2.934999942,-81.7383715119684
2.940000057,-81.7383715119684
2.944999933,-81.7383715119684
2.950000047,-81.7383715119684
2.954999923,-81.7383715119684
2.960000038,-81.7383715119684
2.964999914,-81.7383715119684
2.970000028,-81.7383715119684
2.974999904,-81.7383715119684
2.980000019,-81.7383715119684
2.984999895,-81.7383715119684
2.990000009,-81.7383715119684
2.994999885,-81.7383715119684
3.0,-81.7383715119684
3.005000114,-81.7383715119684
3.00999999,-81.7383715119684
3.015000104,-81.7383715119684
3.01999998,-81.7383715119684
3.025000095,-81.7383715119684
3.029999971,-81.7383715119684
3.035000085,-81.7383715119684
3.039999961,-81.7383715119684
3.045000076,-81.7383715119684
3.049999952,-81.7383715119684
3.055000066,-81.7383715119684
3.059999942,-81.7383715119684
3.065000057,-81.7383715119684
3.069999933,-81.7383715119684
3.075000047,-81.7383715119684
3.079999923,-81.7383715119684
3.085000038,-81.7383715119684
3.089999914,-81.7383715119684
3.095000028,-81.7383715119684
3.099999904,-81.7383715119684
3.105000019,-81.7383715119684
3.109999895,-81.7383715119684
3.115000009,-81.7383715119684
3.119999885,-81.7383715119684
3.125,-81.7383715119684
3.130000114,-81.7383715119684
3.13499999,-81.7383715119684
3.140000104,-81.7383715119684
3.14499998,-81.7383715119684
3.150000095,-81.7383715119684
3.154999971,-81.7383715119684
3.160000085,-81.7383715119684
3.164999961,-81.7383715119684
3.170000076,-81.7383715119684
3.174999952,-81.7383715119684
3.180000066,-81.7383715119684
3.184999942,-81.7383715119684
3.190000057,-81.7383715119684
3.194999933,-81.7383715119684
3.200000047,-81.7383715119684
3.204999923,-81.7383715119684
3.210000038,-81.7383715119684
3.214999914,-81.7383715119684
3.220000028,-81.7383715119684
3.224999904,-81.7383715119684
3.230000019,-81.7383715119684
3.234999895,-81.7383715119684
3.240000009,-81.7383715119684
3.244999885,-81.7383715119684
3.25,-81.7383715119684
3.255000114,-81.7383715119684
3.25999999,-81.7383715119684
3.265000104,-81.7383715119684
3.26999998,-81.7383715119684
3.275000095,-81.7383715119684
3.279999971,-81.7383715119684
3.285000085,-81.7383715119684
3.289999961,-81.7383715119684
3.295000076,-81.7383715119684
3.299999952,-81.7383715119684
3.305000066,-81.7383715119684
3.309999942,-81.7383715119684
3.315000057,-81.7383715119684
3.319999933,-81.7383715119684
3.325000047,-81.7383715119684
3.329999923,-81.7383715119684
3.335000038,-81.7383715119684
3.339999914,-81.7383715119684
3.345000028,-81.7383715119684
3.349999904,-81.7383715119684
3.355000019,-81.7383715119684
3.359999895,-81.7383715119684
3.365000009,-81.7383715119684
3.369999885,-81.7383715119684
3.375,-81.7383715119684
3.380000114,-81.7383715119684
3.38499999,-81.7383715119684
3.390000104,-81.7383715119684
3.39499998,-81.7383715119684
3.400000095,-81.7383715119684
3.404999971,-81.7383715119684
3.410000085,-81.7383715119684
3.414999961,-81.7383715119684
3.420000076,-81.7383715119684
3.424999952,-81.7383715119684
3.430000066,-81.7383715119684
3.434999942,-81.7383715119684
3.440000057,-81.7383715119684
3.444999933,-81.7383715119684
3.450000047,-81.7383715119684
3.454999923,-81.7383715119684
3.460000038,-81.7383715119684
3.464999914,-81.7383715119684
3.470000028,-81.7383715119684
3.474999904,-81.7383715119684
3.480000019,-81.7383715119684
3.484999895,-81.7383715119684
3.490000009,-81.7383715119684
3.494999885,-81.7383715119684
3.5,-81.7383715119684
3.505000114,-81.7383715119684
3.50999999,-81.7383715119684
3.515000104,-81.7383715119684
3.51999998,-81.7383715119684
3.525000095,-81.7383715119684
3.529999971,-81.7383715119684
3.535000085,-81.7383715119684
3.539999961,-81.7383715119684
3.545000076,-81.7383715119684
3.549999952,-81.7383715119684
3.555000066,-81.7383715119684
3.559999942,-81.7383715119684
3.565000057,-81.7383715119684
3.569999933,-81.7383715119684
3.575000047,-81.7383715119684
3.579999923,-81.7383715119684
3.585000038,-81.7383715119684
3.589999914,-81.7383715119684
3.595000028,-81.7383715119684
3.599999904,-81.7383715119684
3.605000019,-81.7383715119684
3.609999895,-81.7383715119684
3.615000009,-81.7383715119684
3.619999885,-81.7383715119684
3.625,-81.7383715119684
3.630000114,-81.7383715119684
3.63499999,-81.7383715119684
3.640000104,-81.7383715119684
3.64499998,-81.7383715119684
3.650000095,-81.7383715119684
3.654999971,-81.7383715119684
3.660000085,-81.7383715119684
3.664999961,-81.7383715119684
3.670000076,-81.7383715119684
3.674999952,-81.7383715119684
3.680000066,-81.7383715119684
3.684999942,-81.7383715119684
3.690000057,-81.7383715119684
3.694999933,-81.7383715119684
3.700000047,-81.7383715119684
3.704999923,-81.7383715119684
3.710000038,-81.7383715119684
3.714999914,-81.7383715119684
3.720000028,-81.7383715119684
3.724999904,-81.7383715119684
3.730000019,-81.7383715119684
3.734999895,-81.7383715119684
3.740000009,-81.7383715119684
3.744999885,-81.7383715119684
3.75,-81.7383715119684
3.755000114,-81.7383715119684
3.75999999,-81.7383715119684
3.765000104,-81.7383715119684
3.76999998,-81.7383715119684
3.775000095,-81.7383715119684
3.779999971,-81.7383715119684
3.785000085,-81.7383715119684
3.789999961,-81.7383715119684
3.795000076,-81.7383715119684
3.799999952,-81.7383715119684
3.805000066,-81.7383715119684
3.809999942,-81.7383715119684
3.815000057,-81.7383715119684
3.819999933,-81.7383715119684
3.825000047,-81.7383715119684
3.829999923,-81.7383715119684
3.835000038,-81.7383715119684
3.839999914,-81.7383715119684
3.845000028,-81.7383715119684
3.849999904,-81.7383715119684
3.855000019,-81.7383715119684
3.859999895,-81.7383715119684
3.865000009,-81.7383715119684
3.869999885,-81.7383715119684
3.875,-81.7383715119684
3.880000114,-81.7383715119684
3.88499999,-81.7383715119684
3.890000104,-81.7383715119684
3.89499998,-81.7383715119684
3.900000095,-81.7383715119684
3.904999971,-81.7383715119684
3.910000085,-81.7383715119684
3.914999961,-81.7383715119684
3.920000076,-81.7383715119684
3.924999952,-81.7383715119684
3.930000066,-81.7383715119684
3.934999942,-81.7383715119684
3.940000057,-81.7383715119684
3.944999933,-81.7383715119684
3.950000047,-81.7383715119684
3.954999923,-81.7383715119684
3.960000038,-81.7383715119684
3.964999914,-81.7383715119684
3.970000028,-81.7383715119684
3.974999904,-81.7383715119684
3.980000019,-81.7383715119684
3.984999895,-81.7383715119684
3.990000009,-81.7383715119684
3.994999885,-81.7383715119684
4.0,-81.7383715119684
4.005000114,-81.7383715119684
4.010000228,-81.7383715119684
4.014999866,-81.7383715119684
4.01999998,-81.7383715119684
4.025000095,-81.7383715119684
4.030000209,-81.7383715119684
4.034999847,-81.7383715119684
4.039999961,-81.7383715119684
4.045000076,-81.7383715119684
4.05000019,-81.7383715119684
4.054999828,-81.7383715119684
4.059999942,-81.7383715119684
4.065000057,-81.7383715119684
4.070000171,-81.7383715119684
4.074999809,-81.7383715119684
4.079999923,-81.7383715119684
4.085000038,-81.7383715119684
4.090000152,-81.7383715119684
4.09499979,-81.7383715119684
4.099999904,-81.7383715119684
4.105000019,-81.7383715119684
4.110000133,-81.7383715119684
4.114999771,-81.7383715119684
4.119999885,-81.7383715119684
4.125,-81.7383715119684
4.130000114,-81.7383715119684
4.135000228,-81.7383715119684
4.139999866,-81.7383715119684
4.14499998,-81.7383715119684
4.150000095,-81.7383715119684
4.155000209,-81.7383715119684
4.159999847,-81.7383715119684
4.164999961,-81.7383715119684
4.170000076,-81.7383715119684
4.17500019,-81.7383715119684
4.179999828,-81.7383715119684
4.184999942,-81.7383715119684
4.190000057,-81.7383715119684
4.195000171,-81.7383715119684
4.199999809,-81.7383715119684
4.204999923,-81.7383715119684
4.210000038,-81.7383715119684
4.215000152,-81.7383715119684
4.21999979,-81.7383715119684
4.224999904,-81.7383715119684
4.230000019,-81.7383715119684
4.235000133,-81.7383715119684
4.239999771,-81.7383715119684
4.244999885,-81.7383715119684
4.25,-81.7383715119684
4.255000114,-81.7383715119684
4.260000228,-81.7383715119684
4.264999866,-81.7383715119684
4.26999998,-81.7383715119684
4.275000095,-81.7383715119684
4.280000209,-81.7383715119684
4.284999847,-81.7383715119684
4.289999961,-81.7383715119684
4.295000076,-81.7383715119684
4.30000019,-81.7383715119684
4.304999828,-81.7383715119684
4.309999942,-81.7383715119684
4.315000057,-81.7383715119684
4.320000171,-81.7383715119684
4.324999809,-81.7383715119684
4.329999923,-81.7383715119684
4.335000038,-81.7383715119684
4.340000152,-81.7383715119684
4.34499979,-81.7383715119684
4.349999904,-81.7383715119684
4.355000019,-81.7383715119684
4.360000133,-81.7383715119684
4.364999771,-81.7383715119684
4.369999885,-81.7383715119684
4.375,-81.7383715119684
4.380000114,-81.7383715119684
4.385000228,-81.7383715119684
4.389999866,-81.7383715119684
4.39499998,-81.7383715119684
4.400000095,-81.7383715119684
4.405000209,-81.7383715119684
4.409999847,-81.7383715119684
4.414999961,-81.7383715119684
4.420000076,-81.7383715119684
4.42500019,-81.7383715119684
4.429999828,-81.7383715119684
4.434999942,-81.7383715119684
4.440000057,-81.7383715119684
4.445000171,-81.7383715119684
4.449999809,-81.7383715119684
4.454999923,-81.7383715119684
4.460000038,-81.7383715119684
4.465000152,-81.7383715119684
4.46999979,-81.7383715119684
4.474999904,-81.7383715119684
4.480000019,-81.7383715119684
4.485000133,-81.7383715119684
4.489999771,-81.7383715119684
4.494999885,-81.7383715119684
4.5,-81.7383715119684
4.505000114,-81.7383715119684
4.510000228,-81.7383715119684
4.514999866,-81.7383715119684
4.51999998,-81.7383715119684
4.525000095,-81.7383715119684
4.530000209,-81.7383715119684
4.534999847,-81.7383715119684
4.539999961,-81.7383715119684
4.545000076,-81.7383715119684
4.55000019,-81.7383715119684
4.554999828,-81.7383715119684
4.559999942,-81.7383715119684
4.565000057,-81.7383715119684
4.570000171,-81.7383715119684
4.574999809,-81.7383715119684
4.579999923,-81.7383715119684
4.585000038,-81.7383715119684
4.590000152,-81.7383715119684
4.59499979,-81.7383715119684
4.599999904,-81.7383715119684
4.605000019,-81.7383715119684
4.610000133,-81.7383715119684
4.614999771,-81.7383715119684
4.619999885,-81.7383715119684
4.625,-81.7383715119684
4.630000114,-81.7383715119684
4.635000228,-81.7383715119684
4.639999866,-81.7383715119684
4.64499998,-81.7383715119684
4.650000095,-81.7383715119684
4.655000209,-81.7383715119684
4.659999847,-81.7383715119684
4.664999961,-81.7383715119684
4.670000076,-81.7383715119684
4.67500019,-81.7383715119684
4.679999828,-81.7383715119684
4.684999942,-81.7383715119684
4.690000057,-81.7383715119684
4.695000171,-81.7383715119684
4.699999809,-81.7383715119684
4.704999923,-81.7383715119684
4.710000038,-81.7383715119684
4.715000152,-81.7383715119684
4.71999979,-81.7383715119684
4.724999904,-81.7383715119684
4.730000019,-81.7383715119684
4.735000133,-81.7383715119684
4.739999771,-81.7383715119684
4.744999885,-81.7383715119684
4.75,-81.7383715119684
4.755000114,-81.7383715119684
4.760000228,-81.7383715119684
4.764999866,-81.7383715119684
4.76999998,-81.7383715119684
4.775000095,-81.7383715119684
4.780000209,-81.7383715119684
4.784999847,-81.7383715119684
4.789999961,-81.7383715119684
4.795000076,-81.7383715119684
4.80000019,-81.7383715119684
4.804999828,-81.7383715119684
4.809999942,-81.7383715119684
4.815000057,-81.7383715119684
4.820000171,-81.7383715119684
4.824999809,-81.7383715119684
4.829999923,-81.7383715119684
4.835000038,-81.7383715119684
4.840000152,-81.7383715119684
4.84499979,-81.7383715119684
4.849999904,-81.7383715119684
4.855000019,-81.7383715119684
4.860000133,-81.7383715119684
4.864999771,-81.7383715119684
4.869999885,-81.7383715119684
4.875,-81.7383715119684
4.880000114,-81.7383715119684
4.885000228,-81.7383715119684
4.889999866,-81.7383715119684
4.89499998,-81.7383715119684
4.900000095,-81.7383715119684
4.905000209,-81.7383715119684
4.909999847,-81.7383715119684
4.914999961,-81.7383715119684
4.920000076,-81.7383715119684
4.92500019,-81.7383715119684
4.929999828,-81.7383715119684
4.934999942,-81.7383715119684
4.940000057,-81.7383715119684
4.945000171,-81.7383715119684
4.949999809,-81.7383715119684
4.954999923,-81.7383715119684
4.960000038,-81.7383715119684
4.965000152,-81.7383715119684
4.96999979,-81.7383715119684
4.974999904,-81.7383715119684
4.980000019,-81.7383715119684
4.985000133,-81.7383715119684
4.989999771,-81.7383715119684
4.994999885,-81.7383715119684
